{"cameraMode":{"drawMode":0,"name":"Shaded","section":"Shading Mode"},"sceneLighting":false,"audioPlay":false,"sceneViewState":{"showFog":true,"showMaterialUpdate":false,"showSkybox":false,"showFlares":true,"showImageEffects":true,"showParticleSystems":true},"in2DMode":false,"pivot":{"x":2.549537181854248,"y":3.8531389236450197,"z":-2.2278175354003908},"rotation":{"x":-0.15749353170394898,"y":-0.6396164298057556,"z":0.13614365458488465,"w":-0.7399930953979492},"size":16.964170455932618,"orthographic":false}