{"cameraMode":{"drawMode":0,"name":"Shaded","section":"Shading Mode"},"sceneLighting":true,"audioPlay":false,"sceneViewState":{"showFog":true,"showMaterialUpdate":false,"showSkybox":false,"showFlares":true,"showImageEffects":true,"showParticleSystems":true},"in2DMode":false,"pivot":{"x":505.5,"y":207.27894592285157,"z":1.0226445198059083},"rotation":{"x":0.00004328256181906909,"y":-1.0000264644622803,"z":0.0015103741316124797,"w":0.0032736477442085745},"size":1822.561767578125,"orthographic":false}