{"cameraMode":{"drawMode":0,"name":"Shaded","section":"Shading Mode"},"sceneLighting":false,"audioPlay":false,"sceneViewState":{"showFog":true,"showMaterialUpdate":false,"showSkybox":false,"showFlares":true,"showImageEffects":true,"showParticleSystems":true},"in2DMode":false,"pivot":{"x":0.16482257843017579,"y":3.837308883666992,"z":0.6055140495300293},"rotation":{"x":-0.1357622593641281,"y":-0.4523954391479492,"z":0.06992997229099274,"w":-0.8786712288856506},"size":20.142091751098634,"orthographic":false}