{"cameraMode":{"drawMode":0,"name":"Shaded","section":"Shading Mode"},"sceneLighting":false,"audioPlay":false,"sceneViewState":{"showFog":true,"showMaterialUpdate":false,"showSkybox":false,"showFlares":true,"showImageEffects":true,"showParticleSystems":true},"in2DMode":false,"pivot":{"x":-3.1153647899627687,"y":-0.0959293469786644,"z":-3.6975858211517336},"rotation":{"x":0.018974998965859414,"y":-0.4308493733406067,"z":0.009019656106829644,"w":0.9022156596183777},"size":6.361662864685059,"orthographic":false}