{"cameraMode":{"drawMode":0,"name":"Shaded","section":"Shading Mode"},"sceneLighting":false,"audioPlay":false,"sceneViewState":{"showFog":true,"showMaterialUpdate":false,"showSkybox":false,"showFlares":true,"showImageEffects":true,"showParticleSystems":true},"in2DMode":false,"pivot":{"x":0.0027385056018829347,"y":0.7615056037902832,"z":-0.0021709799766540529},"rotation":{"x":-0.0007969499565660954,"y":0.9980413913726807,"z":0.012864706106483937,"w":0.06147479638457298},"size":1.572435975074768,"orthographic":false}