{"cameraMode":{"drawMode":0,"name":"Shaded","section":"Shading Mode"},"sceneLighting":false,"audioPlay":false,"sceneViewState":{"showFog":true,"showMaterialUpdate":false,"showSkybox":false,"showFlares":true,"showImageEffects":true,"showParticleSystems":true},"in2DMode":false,"pivot":{"x":0.0,"y":0.004546985030174255,"z":4.731118679046631e-7},"rotation":{"x":0.14097924530506135,"y":-0.6719937324523926,"z":0.13251785933971406,"w":0.7148470878601074},"size":6.474591255187988,"orthographic":false}