{"cameraMode":{"drawMode":0,"name":"Shaded","section":"Shading Mode"},"sceneLighting":false,"audioPlay":false,"sceneViewState":{"showFog":true,"showMaterialUpdate":false,"showSkybox":false,"showFlares":true,"showImageEffects":true,"showParticleSystems":true},"in2DMode":false,"pivot":{"x":6.605985641479492,"y":2.837952136993408,"z":7.934202194213867},"rotation":{"x":-0.1357622593641281,"y":-0.4523954391479492,"z":0.06992997229099274,"w":-0.8786712288856506},"size":33.874298095703128,"orthographic":false}