{"cameraMode":{"drawMode":0,"name":"Shaded","section":"Shading Mode"},"sceneLighting":true,"audioPlay":false,"sceneViewState":{"showFog":true,"showMaterialUpdate":false,"showSkybox":true,"showFlares":true,"showImageEffects":true,"showParticleSystems":true},"in2DMode":false,"pivot":{"x":107.42052459716797,"y":36.48115921020508,"z":-23.501083374023439},"rotation":{"x":-0.0004749518702737987,"y":-0.9822216033935547,"z":0.18789319694042207,"w":-0.0026849594432860615},"size":316.1112976074219,"orthographic":false}