{"cameraMode":{"drawMode":0,"name":"Shaded","section":"Shading Mode"},"sceneLighting":false,"audioPlay":false,"sceneViewState":{"showFog":true,"showMaterialUpdate":false,"showSkybox":false,"showFlares":true,"showImageEffects":true,"showParticleSystems":true},"in2DMode":false,"pivot":{"x":-0.2332840859889984,"y":0.3810866177082062,"z":-0.23600220680236817},"rotation":{"x":-0.1357622593641281,"y":-0.4523954391479492,"z":0.06992997229099274,"w":-0.8786712288856506},"size":3.3708298206329347,"orthographic":false}